,Gurdaspur,Pathankot,Amritsar,Tarn Taran,Kapurthala,Jalandhar,SBS Nagar,Hoshiarpur,Rupngar,SAS Nagar,Ludhiana,Ferozpur,Fazilka,Faridkot,Sri Muktsar Sahib,Moga,Bathinda,Mansa,Sangrur,Barnala,Patiala,Fatehgarh Sahib,Punjab
2019,0.0,0.0,50.3327055264308,68.30769230769329,22.127843137255695,0.0,0.0,0.0,185.13333333333367,0.0,0.0,12.436862745096732,478.4000000000233,0.0,82.05533596837631,0.0,349.18980392156664,541.212307692309,752.0737254901942,0.0,0.0,194.2615384615383,777.1772549019606
2020,0.0,0.0,29.291144215159875,60.51648351648328,19.91707390648662,0.0,0.0,0.0,186.74102564102577,0.0,0.0,0.0,598.0000000000291,0.0,73.9258893280603,0.0,332.29514328808,522.3818803418762,743.9762594268468,0.0,0.0,201.38632478632462,770.214992458521
2021,0.0,0.0,8.249582903881674,52.725274725275085,17.706304675717547,0.0,0.0,0.0,188.34871794871833,0.0,0.0,0.0,717.6000000000058,0.0,65.79644268774427,0.0,315.40048265460064,503.5514529914508,735.8787933634976,0.0,0.0,208.51111111111095,763.2527300150832
