,Wheat,Paddy(Common),Sugarcane,Cotton,
2019,1376.405232350342,1241.6795783908456,226.92335431006723,3625.2602964802063,
2020,1412.5007417947345,1274.3258198517724,233.51077785102098,3723.879728348198,
2021,1448.596251239127,1306.9720613126992,240.09820139197654,3822.499160216161,
