Crop,Yield_kg_per_ha,MSP_Rs_per_quintal,Cost_Rs_per_acre,Revenue_Rs_per_acre,Net_Profit_Rs_per_acre
Wheat,5077.0,2125.0,9200,43661.565375,34461.565375
Rice,4366.0,2203.0,13200,38925.252005999995,25725.252005999995
Maize,2116.782608695652,2090.0,9200,17904.234164347825,8704.234164347825
Bajra,597.0,2500.0,5800,6040.147499999999,240.14749999999913
Moong,600.0,7000.0,5400,16997.399999999998,11597.399999999998
