,Gurdaspur,Pathankot,Amritsar,Tarn Taran,Kapurthala,Jalandhar,SBS Nagar,Hoshiarpur,Rupnagar,SAS Nagar,Ludhiana,Ferozepur,Fazilka,Faridkot,Sri Muktsar Sahib,Moga,Bathinda,Mansa,Sangrur,Barnala,Patiala,Fatehgarh Sahib,Punjab
2019,3469.396078431382,3141.2000000000116,3288.6149019607838,3495.153846153844,4178.236862745092,4153.941176470587,4402.375494071137,3830.4705882352864,4303.361568627457,3626.038461538461,4913.364705882355,4428.938823529403,3360.800000000003,4242.71594202899,4216.138339920959,4894.399209486175,4881.542745098035,4334.532307692309,5143.218039215688,4866.181818181809,4469.941176470587,4668.972307692311,4395.130196078433
2020,3503.8811463046877,3244.2000000000116,3314.703408748115,3543.6593406593456,4218.53631975867,4190.25791855203,4454.370553359666,3874.5180995475093,4353.763107089006,3648.373626373621,4960.290497737558,4475.868597285051,3421.2000000000116,4269.132161578789,4253.526679841903,4949.994071146255,4939.308717948705,4374.30393162393,5202.442111613869,4912.248251748242,4517.454751131212,4712.1411965812,4442.116349924589
2021,3538.3662141779787,3347.2000000000116,3340.7919155354466,3592.1648351648328,4258.835776772248,4226.574660633487,4506.365612648209,3918.5656108597323,4404.16464555054,3670.708791208788,5007.216289592761,4522.798371040713,3481.600000000006,4295.5483811285885,4290.915019762848,5005.588932806335,4997.074690799389,4414.075555555552,5261.666184012065,4958.314685314675,4564.968325791851,4755.31008547009,4489.102503770744
