,Gurdaspur,Pathankot,Amritsar,Tarn Taran,Kapurthala,Jalandhar,SBS Nagar,Hoshiarpur,Rupnagar,SAS Nagar,Ludhiana,Ferozepur,Fazilka,Faridkot,Sri Muktsar Sahib,Moga,Bathinda,Mansa,Sangrur,Barnala,Patiala,Fatehgarh Sahib,Punjab
2019,4871.734117647065,3933.46666666666,5097.142745098041,4732.615384615383,5162.93098039215,5183.934117647048,4821.0434782608645,4450.0658823529375,4696.720000000001,4852.0769230769365,5341.149803921566,5103.785882352939,4781.53333333334,5305.628985507239,5169.695652173919,5112.059288537552,5190.416470588214,4977.87076923078,5654.0109803921805,5358.848484848495,5448.829019607845,5100.806153846148,5214.582745098043
2020,4932.37547511312,3963.9809523809454,5154.182926093519,4762.659340659346,5225.877043740562,5242.137466063345,4858.804347826095,4510.805972850678,4755.573484162887,4924.384615384624,5388.574871794874,5161.334208144792,4802.019047619055,5366.847240209681,5229.869565217392,5149.2381422924955,5256.432488687773,5024.228717948732,5721.254238310721,5420.261072261084,5513.735716440438,5129.962735042733,5275.465641025643
2021,4993.016832579189,3994.495238095231,5211.2231070889975,4792.703296703301,5288.823107088989,5300.340814479627,4896.565217391311,4571.546063348418,4814.426968325788,4996.692307692312,5435.9999396681815,5218.882533936645,4822.504761904769,5428.0654949121235,5290.0434782608645,5186.416996047439,5322.448506787332,5070.586666666684,5788.497496229262,5481.673659673674,5578.642413273003,5159.11931623931,5336.348536953243
